Wikipedia, the free encyclopedia; Main Page; /wiki/Roberta_Williams
Roberta Williams - Wikipedia; Roberta Williams; /wiki/GameSpot
GameSpot - Wikipedia; GameSpot; /wiki/Gil_Penchina
Gil Penchina - Wikipedia; Gil Penchina; /wiki/Curse_LLC#Gamepedia
Curse LLC - Wikipedia; Curse LLC; /wiki/Bachir_Boumaaza
Athene (gamer) - Wikipedia; Athene (gamer); /wiki/Twitch_(service)
Twitch (service) - Wikipedia; Twitch (service); /wiki/PlanetSide_2
PlanetSide 2 - Wikipedia; PlanetSide 2; /wiki/Cash_Guns_Chaos
Cash Guns Chaos - Wikipedia; Cash Guns Chaos; /wiki/Smash_TV
Wikipedia, the free encyclopedia; Main Page; /wiki/Carroll_Hubbard
Carroll Hubbard - Wikipedia; Carroll Hubbard; /wiki/Main_Page
Wikipedia, the free encyclopedia; Main Page; /wiki/2022_Russian_invasion_of_Ukraine
2022 Russian invasion of Ukraine - Wikipedia; 2022 Russian invasion of Ukraine; /wiki/CNN
CNN - Wikipedia; CNN; /wiki/Magnolia_Network
Magnolia Network - Wikipedia; Magnolia Network; /wiki/Discovery_Channel_(British_and_Irish_TV_channel)
Discovery Channel (British and Irish TV channel) - Wikipedia; Discovery Channel (British and Irish TV channel); /wiki/Discovery_(Australia_and_New_Zealand)
Discovery Channel (Australia and New Zealand) - Wikipedia; Discovery Channel (Australia and New Zealand); /wiki/Kanal_9
Kanal 9 - Wikipedia; Kanal 9; /wiki/Discovery_Kids_(Latin_American_TV_channel)
Discovery Kids (Latin American TV channel) - Wikipedia; Discovery Kids (Latin American TV channel); /wiki/English_language
English language - Wikipedia; English language; /wiki/High_German_consonant_shift
High German consonant shift - Wikipedia; High German consonant shift; /wiki/Achterhooks
Achterhooks - Wikipedia; Achterhooks; /wiki/West_Frisian_language
West Frisian language - Wikipedia; West Frisian language; /wiki/Frisians
Frisians - Wikipedia; Frisians; /wiki/Germanic_peoples
Germanic peoples - Wikipedia; Germanic peoples; /wiki/Early_Germanic_festivals
Early Germanic culture - Wikipedia; Early Germanic culture; /wiki/Gabriel_Turville-Petre
Gabriel Turville-Petre - Wikipedia; Gabriel Turville-Petre; /wiki/Festschrift
Festschrift - Wikipedia; Festschrift; /wiki/S2CID_(identifier)
Semantic Scholar - Wikipedia; Semantic Scholar; /wiki/Retractions_in_academic_publishing
Retraction in academic publishing - Wikipedia; Retraction in academic publishing; /wiki/Anil_Potti
Anil Potti - Wikipedia; Anil Potti; /wiki/Doi_(identifier)
Digital object identifier - Wikipedia; Digital object identifier; /wiki/Unified_Modeling_Language
Unified Modeling Language - Wikipedia; Unified Modeling Language; /wiki/Magnetic_ink_character_recognition
Magnetic ink character recognition - Wikipedia; Magnetic ink character recognition; /wiki/ISO_10962
ISO 10962 - Wikipedia; ISO 10962; /wiki/ISO_668
ISO 668 - Wikipedia; ISO 668; /wiki/ISO/IEC_4909
ISO/IEC 4909 - Wikipedia; ISO/IEC 4909; /wiki/ISO_4
ISO 4 - Wikipedia; ISO 4; /wiki/ISO_259
ISO 259 - Wikipedia; ISO 259; /wiki/International_Standard_Name_Identifier
International Standard Name Identifier - Wikipedia; International Standard Name Identifier; /wiki/Biblioth%C3%A8que_nationale_de_France
Bibliothèque nationale de France - Wikipedia; Bibliothèque nationale de France; /wiki/National_Office_for_Veterans_and_Victims_of_War
National Office for Veterans and Victims of War - Wikipedia; National Office for Veterans and Victims of War; /wiki/Battle_of_Charleroi
Battle of Charleroi - Wikipedia; Battle of Charleroi; /wiki/23rd_Reserve_Division_(German_Empire)
23rd Reserve Division (German Empire) - Wikipedia; 23rd Reserve Division (German Empire); /wiki/XII_(Royal_Saxon)_Reserve_Corps
XII (Royal Saxon) Reserve Corps - Wikipedia; XII (Royal Saxon) Reserve Corps; /wiki/Wayback_Machine
Wayback Machine - Wikipedia; Wayback Machine; /wiki/The_Adventures_of_Rocky_and_Bullwinkle_and_Friends
The Adventures of Rocky and Bullwinkle and Friends - Wikipedia; The Adventures of Rocky and Bullwinkle and Friends; /wiki/Box_Top_Robbery
List of Rocky and Bullwinkle episodes - Wikipedia; List of Rocky and Bullwinkle episodes; /wiki/Matt_Dennis
Matt Dennis - Wikipedia; Matt Dennis; /wiki/Jasmine_Records
Jasmine Records - Wikipedia; Jasmine Records; /wiki/Reissue
Reissue - Wikipedia; Reissue; /wiki/Hip-O_Records
Hip-O Records - Wikipedia; Hip-O Records; /wiki/Shady_Records
Shady Records - Wikipedia; Shady Records; /wiki/Royce_da_5%279%22
Royce da 5'9" - Wikipedia; Royce da 5'9"; /wiki/Goodbye_(Slaughterhouse_song)
Goodbye (Slaughterhouse song) - Wikipedia; Goodbye (Slaughterhouse song); /wiki/Throw_That
Throw That - Wikipedia; Throw That; /wiki/Legacy_(Eminem_song)
Legacy (Eminem song) - Wikipedia; Legacy (Eminem song); /wiki/You_Don%27t_Know_(Eminem_song)
You Don't Know (Eminem song) - Wikipedia; You Don't Know (Eminem song); /wiki/Dr._Dre
Dr. Dre - Wikipedia; Dr. Dre; /wiki/Ann_Danielewski
Poe (singer) - Wikipedia; Poe (singer); /wiki/Tad_Danielewski
Tad Danielewski - Wikipedia; Tad Danielewski; /wiki/United_States
United States - Wikipedia; United States; /wiki/Chinese_language_in_the_United_States
Chinese language and varieties in the United States - Wikipedia; Chinese language and varieties in the United States; /wiki/Sandy_River_Valley_Sign_Language
Sandy River Valley Sign Language - Wikipedia; Sandy River Valley Sign Language; /wiki/Mbour_Sign_Language
Mbour Sign Language - Wikipedia; Mbour Sign Language; /wiki/M%27Bour
M'Bour - Wikipedia; M'Bour; /wiki/Canary_Islands
Canary Islands - Wikipedia; Canary Islands; /wiki/Grantecan
Gran Telescopio Canarias - Wikipedia; Gran Telescopio Canarias; /wiki/Yulee_area
Yulee area - Wikipedia; Yulee area; /wiki/Florida_Gators_women%27s_lacrosse#Donald_R._Dizney_Stadium
Florida Gators women's lacrosse - Wikipedia; Florida Gators women's lacrosse; /wiki/Florida_Gators_women%27s_golf
Florida Gators women's golf - Wikipedia; Florida Gators women's golf; /wiki/Subtropics_(journal)
Subtropics (journal) - Wikipedia; Subtropics (journal); /wiki/Subtropics_(journal)
Subtropics (journal) - Wikipedia; Subtropics (journal); /wiki/WRUF-FM
WRUF-FM - Wikipedia; WRUF-FM; /wiki/Florida_Gators_women%27s_volleyball
Florida Gators women's volleyball - Wikipedia; Florida Gators women's volleyball; /wiki/1999_NCAA_Division_I_women%27s_volleyball_tournament
1999 NCAA Division I women's volleyball tournament - Wikipedia; 1999 NCAA Division I women's volleyball tournament; /wiki/1995_NCAA_Division_I_women%27s_volleyball_tournament
1995 NCAA Division I women's volleyball tournament - Wikipedia; 1995 NCAA Division I women's volleyball tournament; /wiki/1995_NCAA_Division_I_Cross_Country_Championships
1995 NCAA Division I Cross Country Championships - Wikipedia; 1995 NCAA Division I Cross Country Championships; /wiki/Colorado_Buffaloes_men%27s_cross_country
Colorado Buffaloes - Wikipedia; Colorado Buffaloes; /wiki/PGA_Tour
PGA Tour - Wikipedia; PGA Tour; /wiki/1988_PGA_Tour
1988 PGA Tour - Wikipedia; 1988 PGA Tour; /wiki/1988_World_Cup_(men%27s_golf)
1988 World Cup (men's golf) - Wikipedia; 1988 World Cup (men's golf); /wiki/Venezuela
Venezuela - Wikipedia; Venezuela; /wiki/Bolivia
Bolivia - Wikipedia; Bolivia; /wiki/Executive_Secretary_for_Integral_Development
Executive Secretary for Integral Development - Wikipedia; Executive Secretary for Integral Development; /wiki/Sustainable_Development
Sustainable development - Wikipedia; Sustainable development; /wiki/Sustainable_Development_Goal_16
Sustainable Development Goal 16 - Wikipedia; Sustainable Development Goal 16; /wiki/Bribery
Bribery - Wikipedia; Bribery; /wiki/National_Anti-Corruption_Bureau_of_Ukraine
National Anti-Corruption Bureau of Ukraine - Wikipedia; National Anti-Corruption Bureau of Ukraine; /wiki/2022_Russian_invasion_of_Ukraine
2022 Russian invasion of Ukraine - Wikipedia; 2022 Russian invasion of Ukraine; /wiki/Sergei_Shoigu
Sergei Shoigu - Wikipedia; Sergei Shoigu; /wiki/Ministry_of_Justice_(Russia)
Ministry of Justice (Russia) - Wikipedia; Ministry of Justice (Russia); /wiki/Federal_Agency_for_Youth_Affairs_(Russia)
Federal Agency for Youth Affairs (Russia) - Wikipedia; Federal Agency for Youth Affairs (Russia); /wiki/Federal_Agency_for_Youth_Affairs_(Russia)
Federal Agency for Youth Affairs (Russia) - Wikipedia; Federal Agency for Youth Affairs (Russia); /wiki/Federal_Agency_for_Forestry_(Russia)
Federal Agency for Forestry (Russia) - Wikipedia; Federal Agency for Forestry (Russia); /wiki/Federal_Service_for_Intellectual_Property_(Russia)
Federal Service for Intellectual Property (Russia) - Wikipedia; Federal Service for Intellectual Property (Russia); /wiki/Federal_Protective_Service_(Russia)
Federal Protective Service (Russia) - Wikipedia; Federal Protective Service (Russia); /wiki/Federal_Agency_for_Maritime_and_River_Transportation_(Russia)
Federal Agency for Maritime and River Transportation (Russia) - Wikipedia; Federal Agency for Maritime and River Transportation (Russia); /wiki/Federal_Agency_for_the_Commonwealth_of_Independent_States_Affairs,_Compatriots_Living_Abroad,_and_International_Humanitarian_Cooperation
Federal Agency for the Commonwealth of Independent States Affairs, Compatriots Living Abroad, and International Humanitarian Cooperation - Wikipedia; Federal Agency for the Commonwealth of Independent States Affairs, Compatriots Living Abroad, and International Humanitarian Cooperation; /wiki/Special_Communications_Service_of_Russia
Special Communications Service of Russia - Wikipedia; Special Communications Service of Russia; /wiki/Federal_Service_for_Technical_and_Export_Control
Federal Service for Technical and Export Control - Wikipedia; Federal Service for Technical and Export Control; /wiki/Federal_Agency_for_State_Reserves_(Russia)
Federal Agency for State Reserves (Russia) - Wikipedia; Federal Agency for State Reserves (Russia); /wiki/Boris_Yeltsin
Boris Yeltsin - Wikipedia; Boris Yeltsin; /wiki/Lev_Kamenev
Lev Kamenev - Wikipedia; Lev Kamenev; /wiki/Pyotr_Krasnov
Pyotr Krasnov - Wikipedia; Pyotr Krasnov; /wiki/Fanya_Baron
Fanya Baron - Wikipedia; Fanya Baron; /wiki/Profintern
Profintern - Wikipedia; Profintern; /wiki/Main_Page
